{
  "name": "energy_beams_powerfull_2",
  "icon": "#satsu_iron_man_addon:armor_icon_ability",
  "abilities": {
    "energy_beam": {
      "type": "palladium:energy_beam",
      "hidden": true,
      "hidden_in_bar": false,
      "energy_beam": "satsu_iron_man_addon:blue/energy_beam",
      "damage": 12.5,
      "max_distance": 20,
      "speed": 1.0,
      "set_on_fire_seconds": 0,
      "cause_fire": false,
      "smelt_blocks": false,
      "conditions": {
        "enabling": [
          {
            "type": "palladium:ability_enabled",
            "power": "dark_soldier_armor:mark_52_d/main",
            "ability": "energy_beam"
          }
        ],
        "unlocking": []
      }
    }
  }
}
