{
  "type": "palladium:compound",
  "layers": [
    {
      "type": "geckolib:default",
      "model": "dark_soldier_armor:geo/armor_models/each_part/right_leg.geo.json",
      "texture": {
        "base": "dark_soldier_armor:textures/models/addon_armor/no_light/mark_52_d.png",
        "transformers": [
          {
            "type": "palladium:alpha_mask",
            "mask": "satsu_iron_man_addon:textures/models/alpha_masks/armors/ensamble/parts_ensamble/right_leg/#RIGHT_LEG.png"
          }
        ],
        "variables": {
          "RIGHT_LEG": {
            "type": "palladium:ability_integer_property",
            "power": "dark_soldier_armor:mark_52_d/main",
            "ability": "right_leg_animation",
            "property": "value",
            "min": 0,
            "max": 18
          }
        },
        "output": "satsu_iron_man_addon:textures/models/iron_man/no_light_right_leg/mark_52_d_#RIGHT_LEG"
      },
      "animation_file": "satsu_iron_man_addon:animations/call_right_arm.geo.json",
      "animation_controller": [
        {
          "name": "call.part.control",
          "transition_tick_time": 10,
          "triggers": {
            "call.part": "animation.minecraft:call.right.leg"
          }
        }
      ],
      "conditions": []
    },
    {
      "type": "geckolib:default",
      "model": "dark_soldier_armor:geo/armor_models/each_part/right_leg.geo.json",
      "texture": {
        "base": "dark_soldier_armor:textures/models/addon_armor/light/mark_52_d.png",
        "transformers": [
          {
            "type": "palladium:alpha_mask",
            "mask": "satsu_iron_man_addon:textures/models/alpha_masks/armors/ensamble/parts_ensamble/right_leg/#RIGHT_LEG.png"
          }
        ],
        "variables": {
          "RIGHT_LEG": {
            "type": "palladium:ability_integer_property",
            "power": "dark_soldier_armor:mark_52_d/main",
            "ability": "right_leg_animation",
            "property": "value",
            "min": 0,
            "max": 18
          }
        },
        "output": "satsu_iron_man_addon:textures/models/iron_man/light_right_leg/mark_52_d_#RIGHT_LEG"
      },
      "animation_file": "satsu_iron_man_addon:animations/call_right_arm.geo.json",
      "animation_controller": [
        {
          "name": "call.part.control",
          "transition_tick_time": 10,
          "triggers": {
            "call.part": "animation.minecraft:call.right.leg"
          }
        }
      ],
      "render_type": "glow",
      "conditions": [
        {
          "type": "palladium:or",
          "conditions": [
            {
              "type": "palladium:integer_property",
              "property": "satsu_iron_man_iron_man_energy",
              "min": 1,
              "max": 2147483647
            },
            {
              "type": "palladium:entity_type_tag",
              "entity_type_tag": "satsu_iron_man_addon:stands"
            }
          ]
        }
      ]
    }
  ]
}
