{
  "name": "energy_beams_hands",
  "icon": "#satsu_iron_man_addon:armor_icon_ability",
  "abilities": {
    "destroy_block": {
      "type": "satsu_iron_man_addon:destroy_block",
      "hidden": true,
      "hidden_in_bar": true,
      "range": 20,
      "excluded_tag": "#satsu_iron_man_addon:no_destroy",
      "conditions": {
        "enabling": [
          {
            "type": "palladium:or",
            "conditions": [
              {
                "type": "palladium:ability_enabled",
                "ability": "energy_beam_hand_uni_bram"
              },
              {
                "type": "palladium:ability_enabled",
                "ability": "energy_beam_hand_uni_bram.left"
              }
            ]
          },
          {
            "type": "satsu_iron_man_addon:has_property",
            "property": "satsu_iron_man_addon_break_block_attack",
            "property_value": "on"
          }
        ]
      }
    },
    "remove.energy.red_beams": {
      "type": "satsu_iron_man_addon:palladium_property_modifier",
      "hidden": true,
      "hidden_in_bar": true,
      "property_name": "satsu_iron_man_iron_man_energy",
      "adjustment_type": "subtract",
      "adjustment_amount": 20,
      "conditions": {
        "enabling": [
          {
            "type": "palladium:or",
            "conditions": [
              {
                "type": "palladium:ability_enabled",
                "power": "satsu_iron_man_addon:iron_man/marks/mark_52_d/main",
                "ability": "red_beams.right_arm"
              },
              {
                "type": "palladium:ability_enabled",
                "power": "satsu_iron_man_addon:iron_man/marks/mark_52_d/main",
                "ability": "red_beams.left_arm"
              }
            ]
          }
        ]
      }
    },
    "energy_beam_hand_uni_bram": {
      "type": "palladium:energy_beam",
      "hidden": true,
      "hidden_in_bar": false,
      "energy_beam": "satsu_iron_man_addon:uni_beams_hand/red_mini/uni_beam_hand",
      "damage_type": "null",
      "damage": 0,
      "max_distance": 20,
      "speed": 0.8,
      "cause_fire": false,
      "smelt_blocks": false,
      "set_on_fire_seconds": 0,
      "conditions": {
        "enabling": [
          {
            "type": "palladium:ability_enabled",
            "power": "satsu_iron_man_addon:iron_man/marks/mark_52_d/main",
            "ability": "red_beams.right_arm"
          }
        ],
        "unlocking": []
      }
    },
    "energy_beam_hand_uni_bram.left": {
      "type": "palladium:energy_beam",
      "hidden": true,
      "hidden_in_bar": false,
      "energy_beam": "satsu_iron_man_addon:uni_beams_hand/red_mini/uni_beam_hand_left",
      "damage_type": "null",
      "damage": 0,
      "max_distance": 20,
      "speed": 0.8,
      "cause_fire": false,
      "smelt_blocks": false,
      "set_on_fire_seconds": 0,
      "conditions": {
        "enabling": [
          {
            "type": "palladium:ability_enabled",
            "power": "satsu_iron_man_addon:iron_man/marks/mark_52_d/main",
            "ability": "red_beams.left_arm"
          }
        ],
        "unlocking": []
      }
    }
  }
}
