{
  "type": "palladium:compound",
  "layers": [
    {
      "type": "geckolib:default",
      "model": "satsu_iron_man_addon:geo/flames/right_up/main.geo.json",
      "texture": {
        "base": "satsu_iron_man_addon:textures/models/flames/new_thruster_white/#X.png",
        "transformers": [
          {
            "type": "palladium:alpha_mask",
            "mask": "satsu_iron_man_addon:textures/models/alpha_masks/flames/#SHOW_UP_right.png"
          }
        ],
        "variables": {
          "X": {
            "type": "palladium:ability_integer_property",
            "power": "satsu_iron_man_addon:iron_man/main_power/main",
            "ability": "flames",
            "property": "value"
          },
          "SHOW_UP_right": {
            "type": "palladium:animation_timer_ability",
            "power": "dark_soldier_armor:mark_52_d/main",
            "ability": "flames_up_right",
            "property": "value",
            "min": 0,
            "max": 1
          }
        }
      },
      "tint": "#1bdef3",
      "render_type": "glow"
    },
    {
      "type": "geckolib:default",
      "model": "satsu_iron_man_addon:geo/flames/left_up/main.geo.json",
      "texture": {
        "base": "satsu_iron_man_addon:textures/models/flames/new_thruster_white/#X.png",
        "transformers": [
          {
            "type": "palladium:alpha_mask",
            "mask": "satsu_iron_man_addon:textures/models/alpha_masks/flames/#SHOW_UP_left.png"
          }
        ],
        "variables": {
          "X": {
            "type": "palladium:ability_integer_property",
            "power": "satsu_iron_man_addon:iron_man/main_power/main",
            "ability": "flames",
            "property": "value"
          },
          "SHOW_UP_left": {
            "type": "palladium:animation_timer_ability",
            "power": "dark_soldier_armor:mark_52_d/main",
            "ability": "flames_up_left",
            "property": "value",
            "min": 0,
            "max": 1
          }
        }
      },
      "tint": "#1bdef3",
      "render_type": "glow"
    },
    {
      "type": "geckolib:default",
      "model": "satsu_iron_man_addon:geo/flames/left_down/main.geo.json",
      "texture": {
        "base": "satsu_iron_man_addon:textures/models/flames/new_thruster_white/#X.png",
        "transformers": [
          {
            "type": "palladium:alpha_mask",
            "mask": "satsu_iron_man_addon:textures/models/alpha_masks/flames/#SHOW_DOWN_RIGHT.png"
          }
        ],
        "variables": {
          "X": {
            "type": "palladium:ability_integer_property",
            "power": "satsu_iron_man_addon:iron_man/main_power/main",
            "ability": "flames",
            "property": "value"
          },
          "SHOW_DOWN_RIGHT": {
            "type": "palladium:animation_timer_ability",
            "power": "dark_soldier_armor:mark_52_d/main",
            "ability": "flames_down_left",
            "property": "value",
            "min": 0,
            "max": 1
          }
        }
      },
      "tint": "#1bdef3",
      "render_type": "glow"
    },
    {
      "type": "geckolib:default",
      "model": "satsu_iron_man_addon:geo/flames/right_down/main.geo.json",
      "texture": {
        "base": "satsu_iron_man_addon:textures/models/flames/new_thruster_white/#X.png",
        "transformers": [
          {
            "type": "palladium:alpha_mask",
            "mask": "satsu_iron_man_addon:textures/models/alpha_masks/flames/#SHOW_DOWN_LEFT.png"
          }
        ],
        "variables": {
          "X": {
            "type": "palladium:ability_integer_property",
            "power": "satsu_iron_man_addon:iron_man/main_power/main",
            "ability": "flames",
            "property": "value"
          },
          "SHOW_DOWN_LEFT": {
            "type": "palladium:animation_timer_ability",
            "power": "dark_soldier_armor:mark_52_d/main",
            "ability": "flames_down_right",
            "property": "value",
            "min": 0,
            "max": 1
          }
        }
      },
      "tint": "#1bdef3",
      "render_type": "glow"
    }
  ]
}
