{
  "type": "palladium:compound",
  "layers": [
    {
      "type": "geckolib:default",
      "model": "satsu_iron_man_addon:geo/armor_models/all_helmet/main.geo.json",
      "texture": {
        "base": "dark_soldier_armor:textures/models/addon_armor/no_light/mask/mark_52_d.png",
        "transformers": [
          {
            "type": "palladium:alpha_mask",
            "mask": "satsu_iron_man_addon:textures/models/alpha_masks/armors/helmet/parts_ensamble/#TIMER.png"
          }
        ],
        "variables": {
          "TIMER": {
            "type": "palladium:ability_integer_property",
            "power": "dark_soldier_armor:mark_52_d/main",
            "ability": "head_animation",
            "property": "value",
            "min": 0,
            "max": 17
          },
          "X": {
            "type": "palladium:objective_score",
            "objective": "satsu.iron.man.armor",
            "min": 0,
            "max": 54
          }
        },
        "output": "dark_soldier_armor:textures/models/addon_armor/no_light/mask/mark_52_d_#TIMER"
      },
      "animation_file": "satsu_iron_man_addon:animations/new_mask_animation.geo.json",
      "animation_controller": [
        {
          "name": "mask.up",
          "transition_tick_time": 10,
          "triggers": {
            "mask.up": "open",
            "mask.on": "close",
            "call.part.head": "animation.minecraft:call.head",
            "call.part.front": "animation.minecraft:call.front"
          }
        }
      ],
      "conditions": [
        {
          "type": "palladium:or",
          "conditions": [
            {
              "type": "palladium:ability_integer_property",
              "power": "dark_soldier_armor:mark_52_d/main",
              "ability": "head_animation",
              "property": "value",
              "min": 0,
              "max": 19
            },
            {
              "type": "satsu_iron_man_addon:has_property",
              "property": "satsu_iron_man_addon.head",
              "property_value": "on"
            },
            {
              "type": "palladium:entity_type_tag",
              "entity_type_tag": "satsu_iron_man_addon:player"
            }
          ]
        }
      ]
    },
    {
      "type": "geckolib:default",
      "model": "satsu_iron_man_addon:geo/armor_models/all_helmet/main.geo.json",
      "texture": {
        "base": "dark_soldier_armor:textures/models/addon_armor/light/mask/mark_52_d.png",
        "transformers": [
          {
            "type": "palladium:alpha_mask",
            "mask": "satsu_iron_man_addon:textures/models/alpha_masks/armors/helmet/parts_ensamble/#TIMER.png"
          }
        ],
        "variables": {
          "TIMER": {
            "type": "palladium:ability_integer_property",
            "power": "dark_soldier_armor:mark_52_d/main",
            "ability": "head_animation",
            "property": "value",
            "min": 0,
            "max": 17
          },
          "X": {
            "type": "palladium:objective_score",
            "objective": "satsu.iron.man.armor",
            "min": 0,
            "max": 52
          }
        },
        "output": "dark_soldier_armor:textures/models/addon_armor/light/mask/mark_52_d_#TIMER"
      },
      "render_type": "glow",
      "animation_file": "satsu_iron_man_addon:animations/new_mask_animation.geo.json",
      "animation_controller": [
        {
          "name": "mask.up",
          "transition_tick_time": 10,
          "triggers": {
            "mask.up": "open",
            "mask.on": "close",
            "call.part.head": "animation.minecraft:call.head",
            "call.part.front": "animation.minecraft:call.front"
          }
        }
      ],
      "conditions": [
        {
          "type": "palladium:or",
          "conditions": [
            {
              "type": "palladium:ability_integer_property",
              "power": "dark_soldier_armor:mark_52_d/main",
              "ability": "head_animation",
              "property": "value",
              "min": 0,
              "max": 19
            },
            {
              "type": "satsu_iron_man_addon:has_property",
              "property": "satsu_iron_man_addon.head",
              "property_value": "on"
            },
            {
              "type": "palladium:entity_type_tag",
              "entity_type_tag": "satsu_iron_man_addon:player"
            }
          ]
        },
        {
          "type": "palladium:or",
          "conditions": [
            {
              "type": "palladium:integer_property",
              "property": "satsu_iron_man_iron_man_energy",
              "min": 1,
              "max": 2147483647
            },
            {
              "type": "palladium:entity_type_tag",
              "entity_type_tag": "satsu_iron_man_addon:stands"
            }
          ]
        }
      ]
    }
  ]
}
