{
	"format_version": "1.12.0",
	"minecraft:geometry": [
		{
			"description": {
				"identifier": "geometry.unknown",
				"texture_width": 64,
				"texture_height": 64,
				"visible_bounds_width": 5,
				"visible_bounds_height": 4.5,
				"visible_bounds_offset": [0, 1.75, 0]
			},
			"bones": [
				{
					"name": "armorHead",
					"pivot": [0, 24, 0]
				},
				{
					"name": "armorBody",
					"pivot": [0, 24, 0]
				},
				{
					"name": "call_body",
					"parent": "armorBody",
					"pivot": [0, 0, 0],
					"cubes": [
						{
							"origin": [-4, 19.0042, -3.03008],
							"size": [8, 5, 6],
							"inflate": 0.25,
							"uv": {
								"north": {"uv": [20, 20], "uv_size": [8, 5.8]},
								"east": {"uv": [16, 20], "uv_size": [4, 5]},
								"south": {"uv": [32, 20], "uv_size": [8, 5]},
								"west": {"uv": [28, 20], "uv_size": [4.5, 5]},
								"up": {"uv": [20, 16], "uv_size": [8, 4]},
								"down": {"uv": [28, 20], "uv_size": [8, -4]}
							}
						},
						{
							"origin": [-4, 19.0042, -3.03008],
							"size": [8, 5, 6],
							"inflate": 0.5,
							"uv": {
								"north": {"uv": [20, 36], "uv_size": [8, 6]},
								"east": {"uv": [16, 37], "uv_size": [4, 5]},
								"south": {"uv": [32, 36], "uv_size": [8, 5]},
								"west": {"uv": [28, 37], "uv_size": [4, 5]},
								"up": {"uv": [20, 32], "uv_size": [8, 4]},
								"down": {"uv": [28, 36], "uv_size": [8, -4]}
							}
						},
						{
							"origin": [-4, 12.0042, -2.03008],
							"size": [8, 7.5, 4],
							"inflate": 0.25,
							"uv": {
								"north": {"uv": [20, 25], "uv_size": [8, 7]},
								"east": {"uv": [16, 25], "uv_size": [4, 7]},
								"south": {"uv": [32, 25], "uv_size": [8, 7]},
								"west": {"uv": [28, 25], "uv_size": [4, 7]},
								"up": {"uv": [20, 16], "uv_size": [8, 4]},
								"down": {"uv": [28, 20], "uv_size": [8, -4]}
							}
						},
						{
							"origin": [3, 17.0042, -2.43008],
							"size": [1, 1.5, 0],
							"inflate": 0.25,
							"pivot": [3.5, 17.7542, -2.53008],
							"rotation": [12.5, 0, 0],
							"uv": {
								"north": {"uv": [21, 20], "uv_size": [-1, 1]},
								"east": {"uv": [21, 20], "uv_size": [-1, 1]},
								"south": {"uv": [21, 20], "uv_size": [-1, 1]},
								"west": {"uv": [21, 20], "uv_size": [-1, 1]},
								"up": {"uv": [20, 21], "uv_size": [1, -1]},
								"down": {"uv": [20, 21], "uv_size": [1, -1]}
							}
						},
						{
							"origin": [-4, 17.0042, -2.43008],
							"size": [1, 1.5, 0],
							"inflate": 0.25,
							"pivot": [-3.5, 17.7542, -2.53008],
							"rotation": [12.5, 0, 0],
							"uv": {
								"north": {"uv": [20, 20], "uv_size": [1, 1]},
								"east": {"uv": [20, 20], "uv_size": [1, 1]},
								"south": {"uv": [20, 20], "uv_size": [1, 1]},
								"west": {"uv": [20, 20], "uv_size": [1, 1]},
								"up": {"uv": [21, 21], "uv_size": [-1, -1]},
								"down": {"uv": [21, 21], "uv_size": [-1, -1]}
							}
						},
						{
							"origin": [-4, 12.0042, -2.03008],
							"size": [8, 7.5, 4],
							"inflate": 0.5,
							"uv": {
								"north": {"uv": [20, 41], "uv_size": [8, 7]},
								"east": {"uv": [16, 42], "uv_size": [4, 6]},
								"south": {"uv": [32, 42], "uv_size": [8, 6]},
								"west": {"uv": [28, 42], "uv_size": [4, 6]},
								"up": {"uv": [20, 38], "uv_size": [8, 4]},
								"down": {"uv": [28, 42], "uv_size": [8, -4]}
							}
						}
					]
				},
				{
					"name": "back_thruster_R",
					"parent": "call_body",
					"pivot": [-3.15, 18.725, 3],
					"cubes": [
						{
							"origin": [-4.15557, 17, 1.81757],
							"size": [2, 1.45, 1.1],
							"inflate": 0.25,
							"pivot": [-3.15, 18.725, 3],
							"rotation": [-14.4768, -11.68602, -1.97697],
							"uv": {
								"north": {"uv": [16, 20], "uv_size": [3, 1.9]},
								"east": {"uv": [47, 29], "uv_size": [2, 2]},
								"south": {"uv": [35, 29], "uv_size": [2, -2]},
								"west": {"uv": [35, 29], "uv_size": [1.9, -2]},
								"up": {"uv": [11, 26], "uv_size": [3, 3]},
								"down": {"uv": [34, 31], "uv_size": [1, -1], "uv_rotation": 180}
							}
						}
					]
				},
				{
					"name": "back_thruster_L",
					"parent": "call_body",
					"pivot": [3.15, 18.725, 3],
					"cubes": [
						{
							"origin": [2.15557, 17, 1.81757],
							"size": [2, 1.45, 1.1],
							"inflate": 0.25,
							"pivot": [3.15, 18.725, 3],
							"rotation": [-14.4768, 11.68602, 1.97697],
							"uv": {
								"north": {"uv": [19, 20], "uv_size": [-3, 1.9]},
								"east": {"uv": [36.9, 29], "uv_size": [-1.9, -2]},
								"south": {"uv": [37, 29], "uv_size": [-2, -2]},
								"west": {"uv": [49, 29], "uv_size": [-2, 2]},
								"up": {"uv": [14, 26], "uv_size": [-3, 3]},
								"down": {"uv": [35, 31], "uv_size": [-1, -1], "uv_rotation": 180}
							}
						}
					]
				},
				{
					"name": "BELLY2",
					"parent": "call_body",
					"pivot": [0, 18.82292, -3.0913],
					"rotation": [-12.5, 0, 0],
					"cubes": [
						{
							"origin": [-2, 15.14746, -2.47391],
							"size": [4, 3.55, 0.9],
							"inflate": 0.25,
							"pivot": [0, 17.32246, -2.07391],
							"rotation": [30, 0, 0],
							"uv": {
								"north": {"uv": [22, 27], "uv_size": [4, 3.6]},
								"east": {"uv": [16, 20], "uv_size": [4, 5]},
								"south": {"uv": [32, 20], "uv_size": [8, 5]},
								"west": {"uv": [28, 20], "uv_size": [4.5, 5]},
								"up": {"uv": [20, 16], "uv_size": [8, 4]},
								"down": {"uv": [28, 20], "uv_size": [8, -4]}
							}
						},
						{
							"origin": [2.34059, 15.13703, -2.66838],
							"size": [1.75, 3.55, 1],
							"inflate": 0.25,
							"pivot": [2.126, 17.66203, -2.18575],
							"rotation": [30.50567, -9.94238, -5.8085],
							"uv": {
								"north": {"uv": [29, 27], "uv_size": [-3, 3.6]},
								"east": {"uv": [32.5, 20], "uv_size": [-4.5, 5]},
								"south": {"uv": [40, 20], "uv_size": [-8, 5]},
								"west": {"uv": [20, 20], "uv_size": [-4, 5]},
								"up": {"uv": [28, 16], "uv_size": [-8, 4]},
								"down": {"uv": [36, 20], "uv_size": [-8, -4]}
							}
						},
						{
							"origin": [-4.09059, 15.13703, -2.66838],
							"size": [1.75, 3.55, 1],
							"inflate": 0.25,
							"pivot": [-2.126, 17.66203, -2.18575],
							"rotation": [30.50567, 9.94238, 5.8085],
							"uv": {
								"north": {"uv": [26, 27], "uv_size": [3, 3.6]},
								"east": {"uv": [16, 20], "uv_size": [4, 5]},
								"south": {"uv": [32, 20], "uv_size": [8, 5]},
								"west": {"uv": [28, 20], "uv_size": [4.5, 5]},
								"up": {"uv": [20, 16], "uv_size": [8, 4]},
								"down": {"uv": [28, 20], "uv_size": [8, -4]}
							}
						}
					]
				},
				{
					"name": "BACK2",
					"parent": "call_body",
					"pivot": [-0.02564, 16.86441, 2.04022],
					"rotation": [11.5, 0, 0],
					"cubes": [
						{
							"origin": [-3.96174, 15.0719, 1.04857],
							"size": [1.65, 3.55, 1],
							"inflate": 0.25,
							"pivot": [-0.04423, 16.8469, 2.07054],
							"rotation": [-149, -9.94238, 174.1915],
							"uv": {
								"north": {"uv": [36, 26], "uv_size": [-3, 4]},
								"east": {"uv": [16, 20], "uv_size": [4, 5]},
								"south": {"uv": [32, 20], "uv_size": [8, 5]},
								"west": {"uv": [28, 20], "uv_size": [4.5, 5]},
								"up": {"uv": [20, 16], "uv_size": [8, 4]},
								"down": {"uv": [28, 20], "uv_size": [8, -4]}
							}
						},
						{
							"origin": [2.17796, 15.0719, 1.07164],
							"size": [1.75, 3.55, 1],
							"inflate": 0.25,
							"pivot": [-0.04423, 16.8469, 2.07054],
							"rotation": [-149, 9.94238, -174.1915],
							"uv": {
								"north": {"uv": [39, 26], "uv_size": [-3, 4]},
								"east": {"uv": [32.5, 20], "uv_size": [-4.5, 5]},
								"south": {"uv": [40, 20], "uv_size": [-8, 5]},
								"west": {"uv": [20, 20], "uv_size": [-4, 5]},
								"up": {"uv": [28, 16], "uv_size": [-8, 4]},
								"down": {"uv": [36, 20], "uv_size": [-8, -4]}
							}
						},
						{
							"origin": [-2.1, 15.0719, 1.49195],
							"size": [4, 3.55, 0.9],
							"inflate": 0.25,
							"pivot": [-0.04423, 16.8469, 2.07054],
							"rotation": [-150, 0, 180],
							"uv": {
								"north": {"uv": [34, 27], "uv_size": [4, 3]},
								"east": {"uv": [16, 20], "uv_size": [4, 5]},
								"south": {"uv": [32, 20], "uv_size": [8, 5]},
								"west": {"uv": [28, 20], "uv_size": [4.5, 5]},
								"up": {"uv": [20, 16], "uv_size": [8, 4]},
								"down": {"uv": [28, 20], "uv_size": [8, -4]}
							}
						}
					]
				},
				{
					"name": "Armorrightshoulderpads2",
					"parent": "call_body",
					"pivot": [-4.65559, 22.14355, 3.175],
					"rotation": [0, 0, 25],
					"cubes": [
						{
							"origin": [-4.40597, 22.97374, -3.55],
							"size": [1.2, 1.8, 7],
							"inflate": 0.25,
							"pivot": [-3.84898, 20.88593, 0.2],
							"rotation": [0, 0, -33.5],
							"uv": {
								"north": {"uv": [64, 0], "uv_size": [-7, 6]},
								"east": {"uv": [60, 40], "uv_size": [4, -9], "uv_rotation": 90},
								"south": {"uv": [48, 52], "uv_size": [-4, 4]},
								"west": {"uv": [60, 31], "uv_size": [4, 9], "uv_rotation": 90},
								"up": {"uv": [64, 31], "uv_size": [-4, 9]},
								"down": {"uv": [60, 40], "uv_size": [4, -9]}
							}
						}
					]
				},
				{
					"name": "ArmorrightshoulderpadM2",
					"parent": "Armorrightshoulderpads2",
					"pivot": [-3.84898, 20.88593, 0.4],
					"cubes": [
						{
							"origin": [-4.20597, 23.17374, -3.35],
							"size": [0.8, 1.4, 5],
							"inflate": 0.25,
							"pivot": [-3.84898, 20.88593, 0.4],
							"rotation": [0, 0, -33.5],
							"uv": {
								"north": {"uv": [5, 1], "uv_size": [-5, 7]},
								"east": {"uv": [64, 31], "uv_size": [-4, -9], "uv_rotation": 90},
								"south": {"uv": [48, 52], "uv_size": [-4, 4]},
								"west": {"uv": [64, 22], "uv_size": [-4, 9], "uv_rotation": 90},
								"up": {"uv": [64, 22], "uv_size": [-4, 9]},
								"down": {"uv": [60, 31], "uv_size": [4, -9]}
							}
						}
					]
				},
				{
					"name": "Armorleftshoulderpad2",
					"parent": "call_body",
					"pivot": [4.60373, 22.149, 3.175],
					"rotation": [0, 0, -25],
					"cubes": [
						{
							"origin": [4.81034, 22.50662, -3.55],
							"size": [1.2, 1.8, 7],
							"inflate": 0.25,
							"pivot": [5.41034, 23.40662, -0.05],
							"rotation": [0, 0, 33.5],
							"uv": {
								"north": {"uv": [57, 0], "uv_size": [7, 6]},
								"east": {"uv": [60, 40], "uv_size": [4, -9], "uv_rotation": 90},
								"south": {"uv": [44, 52], "uv_size": [4, 4]},
								"west": {"uv": [60, 31], "uv_size": [4, 9], "uv_rotation": 90},
								"up": {"uv": [60, 31], "uv_size": [4, 9]},
								"down": {"uv": [64, 40], "uv_size": [-4, -9]}
							}
						}
					]
				},
				{
					"name": "armorleftshoulderpadM2",
					"parent": "Armorleftshoulderpad2",
					"pivot": [3.79712, 20.89139, 0.4],
					"cubes": [
						{
							"origin": [3.35411, 23.1792, -3.35],
							"size": [0.8, 1.4, 5],
							"inflate": 0.25,
							"pivot": [3.79712, 20.89139, 0.4],
							"rotation": [0, 0, 33.5],
							"uv": {
								"north": {"uv": [0, 1], "uv_size": [5, 7]},
								"east": {"uv": [64, 31], "uv_size": [-4, -9], "uv_rotation": 90},
								"south": {"uv": [44, 56], "uv_size": [4, -4], "uv_rotation": 90},
								"west": {"uv": [64, 22], "uv_size": [-4, 9], "uv_rotation": 90},
								"up": {"uv": [60, 22], "uv_size": [4, 9]},
								"down": {"uv": [64, 31], "uv_size": [-4, -9]}
							}
						}
					]
				},
				{
					"name": "armorRightArm",
					"pivot": [-5, 22, 0]
				},
				{
					"name": "armorLeftArm",
					"pivot": [5, 22, 0]
				},
				{
					"name": "armorRightLeg",
					"pivot": [-1.9, 12, 0]
				},
				{
					"name": "armorLeftLeg",
					"pivot": [1.9, 12, 0]
				}
			]
		}
	]
}