{
	"format_version": "1.12.0",
	"minecraft:geometry": [
		{
			"description": {
				"identifier": "geometry.unknown",
				"texture_width": 64,
				"texture_height": 64,
				"visible_bounds_width": 5,
				"visible_bounds_height": 4.5,
				"visible_bounds_offset": [0, 1.75, 0]
			},
			"bones": [
				{
					"name": "armorHead",
					"pivot": [0, 24, 0]
				},
				{
					"name": "armorBody",
					"pivot": [0, 24, 0]
				},
				{
					"name": "armorRightArm",
					"pivot": [-5, 22, 0]
				},
				{
					"name": "armorLeftArm",
					"pivot": [5, 22, 0]
				},
				{
					"name": "call",
					"parent": "armorLeftArm",
					"pivot": [0, 0, 0],
					"cubes": [
						{
							"origin": [4, 12, -2],
							"size": [4, 5.5, 4],
							"inflate": 0.25,
							"uv": {
								"north": {"uv": [36, 59], "uv_size": [4, 5]},
								"east": {"uv": [32, 59], "uv_size": [4, 5]},
								"south": {"uv": [44, 59], "uv_size": [4, 5]},
								"west": {"uv": [40, 59], "uv_size": [4, 5]},
								"up": {"uv": [36, 55], "uv_size": [4, 4]},
								"down": {"uv": [40, 52], "uv_size": [4, -4]}
							}
						},
						{
							"origin": [4, 12, -2],
							"size": [4, 5.5, 4],
							"inflate": 0.55,
							"uv": {
								"north": {"uv": [52, 59], "uv_size": [4, 5]},
								"east": {"uv": [48, 59], "uv_size": [4, 5]},
								"south": {"uv": [60, 59], "uv_size": [4, 5]},
								"west": {"uv": [56, 59], "uv_size": [4, 5]},
								"down": {"uv": [56, 52], "uv_size": [4, -4]}
							}
						}
					]
				},
				{
					"name": "arm_thruster_L",
					"parent": "call",
					"pivot": [8.15, 18.425, -0.1],
					"cubes": [
						{
							"origin": [7.25, 16.7, -1.55],
							"size": [2, 1.45, 1.1],
							"inflate": 0.25,
							"pivot": [8.25, 18.425, -0.1],
							"rotation": [0, 90, 0],
							"uv": {
								"north": {"uv": [19, 20], "uv_size": [-3, 1.9]},
								"east": {"uv": [36.9, 29], "uv_size": [-1.9, -2]},
								"south": {"uv": [37, 29], "uv_size": [-2, -2]},
								"west": {"uv": [49, 29], "uv_size": [-2, 2]},
								"up": {"uv": [14, 26], "uv_size": [-3, 3]},
								"down": {"uv": [35, 31], "uv_size": [-1, -1], "uv_rotation": 180}
							}
						}
					]
				},
				{
					"name": "armorRightLeg",
					"pivot": [-1.9, 12, 0]
				},
				{
					"name": "armorLeftLeg",
					"pivot": [1.9, 12, 0]
				}
			]
		}
	]
}