{
	"format_version": "1.12.0",
	"minecraft:geometry": [
		{
			"description": {
				"identifier": "geometry.unknown",
				"texture_width": 64,
				"texture_height": 64,
				"visible_bounds_width": 5,
				"visible_bounds_height": 4.5,
				"visible_bounds_offset": [0, 1.75, 0]
			},
			"bones": [
				{
					"name": "armorHead",
					"pivot": [0, 24, 0]
				},
				{
					"name": "armorBody",
					"pivot": [0, 24, 0]
				},
				{
					"name": "armorRightArm",
					"pivot": [-5, 22, 0]
				},
				{
					"name": "armorLeftArm",
					"pivot": [5, 22, 0]
				},
				{
					"name": "armorRightLeg",
					"pivot": [-1.9, 12, 0]
				},
				{
					"name": "call_right_leg",
					"parent": "armorRightLeg",
					"pivot": [0, 0, 0],
					"cubes": [
						{"origin": [-3.9, 0.0042, -2.03008], "size": [4, 12, 4], "inflate": 0.25, "uv": [0, 16]},
						{"origin": [-3.9, 0.0042, -2.03008], "size": [4, 12, 4], "inflate": 0.5, "uv": [0, 32]}
					]
				},
				{
					"name": "leg_thruster_R",
					"parent": "call_right_leg",
					"pivot": [-1.95, 2.625, 2.2],
					"rotation": [-25, 0, 0],
					"cubes": [
						{
							"origin": [-2.95, 0.7, 1.35],
							"size": [2, 1.45, 1.1],
							"inflate": 0.25,
							"pivot": [0, 1.425, 1.9],
							"rotation": [23.5, 0, 0],
							"uv": {
								"north": {"uv": [16, 20], "uv_size": [3, 1.9]},
								"east": {"uv": [47, 29], "uv_size": [2, 2]},
								"south": {"uv": [35, 29], "uv_size": [2, -2]},
								"west": {"uv": [35, 29], "uv_size": [1.9, -2]},
								"up": {"uv": [11, 26], "uv_size": [3, 3]},
								"down": {"uv": [34, 31], "uv_size": [1, -1], "uv_rotation": 180}
							}
						}
					]
				},
				{
					"name": "armorLeftLeg",
					"pivot": [1.9, 12, 0]
				}
			]
		}
	]
}