{
	"format_version": "1.12.0",
	"minecraft:geometry": [
		{
			"description": {
				"identifier": "geometry.unknown",
				"texture_width": 64,
				"texture_height": 64,
				"visible_bounds_width": 5,
				"visible_bounds_height": 4.5,
				"visible_bounds_offset": [0, 1.75, 0]
			},
			"bones": [
				{
					"name": "armorHead",
					"pivot": [0, 24, 0]
				},
				{
					"name": "armorBody",
					"pivot": [0, 24, 0]
				},
				{
					"name": "armorRightArm",
					"pivot": [-5, 22, 0]
				},
				{
					"name": "call_right_shoulder",
					"parent": "armorRightArm",
					"pivot": [0, 0, 0],
					"cubes": [
						{
							"origin": [-8, 18, -2.3],
							"size": [4.3, 5.99, 4.6],
							"inflate": 0.5,
							"uv": {
								"north": {"uv": [44, 36], "uv_size": [4, 5]},
								"east": {"uv": [40, 36], "uv_size": [4, 5]},
								"south": {"uv": [52, 36], "uv_size": [4, 5]},
								"west": {"uv": [48, 36], "uv_size": [4, 5]},
								"up": {"uv": [44, 32], "uv_size": [4, 4]}
							}
						},
						{"origin": [-8, 18, -2.25], "size": [4, 5.99, 4.5], "inflate": 0.25, "uv": [40, 16]}
					]
				},
				{
					"name": "armorLeftArm",
					"pivot": [5, 22, 0]
				},
				{
					"name": "armorRightLeg",
					"pivot": [-1.9, 12, 0]
				},
				{
					"name": "armorLeftLeg",
					"pivot": [1.9, 12, 0]
				}
			]
		}
	]
}