{
  "type": "palladium:compound",
  "layers": [
    {
      "type": "geckolib:default",
      "model": "satsu_iron_man_addon:geo/armor_models/iron_man/full_body/main.geo.json",
      "texture": {
        "base": "dark_soldier_armor:textures/models/addon_armor/no_light/mark_52_d.png"
      },
      "conditions": [
        {
          "type": "palladium:not",
          "conditions": [
            {
              "type": "palladium:entity_type_tag",
              "entity_type_tag": "satsu_iron_man_addon:not_player"
            }
          ]
        }
      ]
    },
    {
      "type": "geckolib:default",
      "model": "satsu_iron_man_addon:geo/armor_models/all_helmet/main.geo.json",
      "texture": {
        "base": "dark_soldier_armor:textures/models/addon_armor/no_light/mask/mark_52_d.png"
      },
      "conditions": [
        {
          "type": "palladium:not",
          "conditions": [
            {
              "type": "palladium:entity_type_tag",
              "entity_type_tag": "satsu_iron_man_addon:not_player"
            }
          ]
        }
      ]
    },
    {
      "type": "geckolib:default",
      "model": "dark_soldier_armor:geo/armor_models/each_part/chest.geo.json",
      "texture": {
        "base": "dark_soldier_armor:textures/models/addon_armor/no_light/mark_52_d.png",
        "transformers": [
          {
            "type": "palladium:alpha_mask",
            "mask": "satsu_iron_man_addon:textures/models/alpha_masks/armors/ensamble/parts_ensamble/chesst/#CHEST.png"
          }
        ],
        "variables": {
          "CHEST": {
            "type": "palladium:ability_integer_property",
            "power": "dark_soldier_armor:mark_52_d/main",
            "ability": "chest_animation",
            "property": "value",
            "min": 0,
            "max": 15
          }
        },
        "output": "satsu_iron_man_addon:textures/models/iron_man/no_light_chest/mark_52_d_#CHEST"
      },
      "animation_file": "satsu_iron_man_addon:animations/call_right_arm.geo.json",
      "animation_controller": [
        {
          "name": "call.part.control",
          "transition_tick_time": 10,
          "triggers": {
            "call.part": "animation.minecraft:call.body"
          }
        }
      ],
      "conditions": []
    },
    {
      "type": "geckolib:default",
      "model": "dark_soldier_armor:geo/armor_models/each_part/chest.geo.json",
      "texture": {
        "base": "dark_soldier_armor:textures/models/addon_armor/light/mark_52_d.png",
        "transformers": [
          {
            "type": "palladium:alpha_mask",
            "mask": "satsu_iron_man_addon:textures/models/alpha_masks/armors/ensamble/parts_ensamble/chesst/#CHEST.png"
          }
        ],
        "variables": {
          "CHEST": {
            "type": "palladium:ability_integer_property",
            "power": "dark_soldier_armor:mark_52_d/main",
            "ability": "chest_animation",
            "property": "value",
            "min": 0,
            "max": 15
          }
        },
        "output": "satsu_iron_man_addon:textures/models/iron_man/light_chest/mark_52_d_#CHEST"
      },
      "animation_file": "satsu_iron_man_addon:animations/call_right_arm.geo.json",
      "animation_controller": [
        {
          "name": "call.part.control",
          "transition_tick_time": 10,
          "triggers": {
            "call.part": "animation.minecraft:call.body"
          }
        }
      ],
      "render_type": "glow",
      "conditions": [
        {
          "type": "palladium:or",
          "conditions": [
            {
              "type": "palladium:integer_property",
              "property": "satsu_iron_man_iron_man_energy",
              "min": 1,
              "max": 2147483647
            },
            {
              "type": "palladium:entity_type_tag",
              "entity_type_tag": "satsu_iron_man_addon:stands"
            }
          ]
        }
      ]
    }
  ]
}
