{
  "name": "energy_beams_hands_powerfull_2",
  "icon": "#satsu_iron_man_addon:armor_icon_ability",
  "abilities": {
    "energy_beam_hand_uni_bram": {
      "type": "palladium:energy_beam",
      "hidden": true,
      "hidden_in_bar": false,
      "energy_beam": "satsu_iron_man_addon:uni_beams_hand/yellow/uni_beam_hand",
      "damage": 8.8,
      "max_distance": 15,
      "speed": 0.8,
      "set_on_fire_seconds": 1,
      "cause_fire": false,
      "smelt_blocks": false,
      "conditions": {
        "enabling": [
          {
            "type": "palladium:ability_enabled",
            "power": "satsu_iron_man_addon:iron_man/marks/mark_52_d/main",
            "ability": "uni.beam.hand.right"
          }
        ],
        "unlocking": [
        ]
      }
    },
    "energy_beam_hand_uni_bram.left": {
      "type": "palladium:energy_beam",
      "hidden": true,
      "hidden_in_bar": false,
      "energy_beam": "satsu_iron_man_addon:uni_beams_hand/yellow/uni_beam_hand_left",
      "damage": 8.8,
      "max_distance": 15,
      "speed": 0.8,
      "set_on_fire_seconds": 1,
      "cause_fire": false,
      "smelt_blocks": false,
      "conditions": {
        "enabling": [
          {
            "type": "palladium:ability_enabled",
            "power": "satsu_iron_man_addon:iron_man/marks/mark_52_d/main",
            "ability": "uni.beam.hand.left"
          }
        ],
        "unlocking": [
        ]
      }
    }
  }
}
